step,action,removed_ids,removed_labels,removed_exkurt,removed_caps,parent_id,rho,cost,n_after,density,val_loss
1,prune,92,last=vowel,+0.038,0.9641,,,0.23424,383,0.9974,1.6685
2,prune,352,last=space,+0.156,1.4391,,,0.34906,382,0.9948,1.6697
3,prune,158,last=space,-0.119,1.6276,,,0.39414,381,0.9922,1.6714
4,prune,343,last=space,-0.192,1.8174,,,0.43945,380,0.9896,1.6740
5,prune,315,last=space,-0.179,1.8216,,,0.43983,379,0.9870,1.6776
6,prune,206,distributed,+0.594,1.8371,,,0.44291,378,0.9844,1.6809
7,prune,331,distributed,+0.234,1.8819,,,0.45308,377,0.9818,1.6830
8,prune,11,distributed,+0.211,1.9002,,,0.45681,376,0.9792,1.6843
9,prune,175,distributed,+0.483,1.9251,,,0.46213,375,0.9766,1.6881
10,prune,134,last=space,-0.252,1.9911,,,0.47733,374,0.9740,1.6883
11,prune,31,distributed,+0.097,2.0126,,,0.48182,373,0.9714,1.6864
12,prune,70,last=space,-0.003,2.0755,,,0.49620,372,0.9688,1.6888
13,prune,168,last=newline,+1.195,2.0848,,,0.49776,371,0.9661,1.7021
14,prune,330,distributed,-0.100,2.1195,,,0.50535,370,0.9635,1.7021
15,prune,324,distributed,+0.176,2.2125,,,0.52687,369,0.9609,1.7046
16,prune,229,last=vowel,-0.170,2.2141,,,0.52658,368,0.9583,1.7088
17,prune,164,distributed,+0.664,2.2603,,,0.53688,367,0.9557,1.7139
18,prune,152,distributed,-0.034,2.2854,,,0.54217,366,0.9531,1.7148
19,prune,355,last=space,-0.248,2.2984,,,0.54457,365,0.9505,1.7160
20,prune,72,last=space,+0.030,2.3310,,,0.55163,364,0.9479,1.7195
21,prune,174,last=space,-0.052,2.3456,,,0.55440,363,0.9453,1.7246
22,prune,12,last=space,-0.207,2.3769,,,0.56112,362,0.9427,1.7251
23,prune,377,last=space,-0.212,2.4022,,,0.56642,361,0.9401,1.7269
24,prune,341,last=space,+0.701,2.4504,,,0.57712,360,0.9375,1.7248
25,prune,251,distributed,+0.226,2.4585,,,0.57833,359,0.9349,1.7244
26,prune,135,distributed,+0.264,2.4739,,,0.58128,358,0.9323,1.7275
27,prune,327,distributed,+0.475,2.4845,,,0.58310,357,0.9297,1.7338
28,prune,378,distributed,+0.262,2.4993,,,0.58590,356,0.9271,1.7357
29,prune,294,last=space,-0.451,2.5047,,,0.58647,355,0.9245,1.7384
30,prune,103,distributed,+0.131,2.5056,,,0.58600,354,0.9219,1.7379
31,prune,4,distributed,+0.033,2.5204,,,0.58880,353,0.9193,1.7392
32,prune,50,distributed,-0.365,2.5290,,,0.59012,352,0.9167,1.7530
33,prune,287,last=space,+0.042,2.5363,,,0.59113,351,0.9141,1.7555
34,prune,137,distributed,+0.484,2.5369,,,0.59058,350,0.9115,1.7565
35,prune,6,last=space,+0.266,2.5625,,,0.59586,349,0.9089,1.7592
36,prune,68,distributed,+0.368,2.5656,,,0.59588,348,0.9062,1.7599
37,prune,236,distributed,+0.334,2.5703,,,0.59629,347,0.9036,1.7609
38,prune,374,last=vowel,+0.392,2.5908,,,0.60035,346,0.9010,1.7625
39,prune,220,last=space,+0.156,2.5992,,,0.60161,345,0.8984,1.7644
40,prune,45,last=space,+0.131,2.6126,,,0.60402,344,0.8958,1.7653
41,prune,150,last=space,-0.100,2.6158,,,0.60406,343,0.8932,1.7668
42,prune,113,distributed,+0.029,2.6193,,,0.60417,342,0.8906,1.7689
43,prune,243,last=space,+0.924,2.6328,,,0.60659,341,0.8880,1.7706
44,prune,363,distributed,+0.157,2.6378,,,0.60704,340,0.8854,1.7696
45,prune,297,last=space,-0.098,2.6517,,,0.60956,339,0.8828,1.7723
46,prune,295,distributed,-0.149,2.6523,,,0.60898,338,0.8802,1.7714
47,prune,110,last=space,-0.313,2.6561,,,0.60915,337,0.8776,1.7737
48,prune,346,last=space,+1.005,2.6598,,,0.60929,336,0.8750,1.7801
49,prune,98,distributed,+0.122,2.6658,,,0.60997,335,0.8724,1.7867
50,prune,108,last=space,-0.076,2.6752,,,0.61140,334,0.8698,1.7893
51,prune,133,distributed,+0.128,2.6779,,,0.61131,333,0.8672,1.7917
52,prune,136,last=space,-0.195,2.6784,,,0.61071,332,0.8646,1.7933
53,prune,57,distributed,+0.463,2.6902,,,0.61269,331,0.8620,1.7964
54,prune,79,last=space,-0.077,2.6911,,,0.61218,330,0.8594,1.7980
55,prune,369,last=space,-0.191,2.6962,,,0.61263,329,0.8568,1.7997
56,prune,349,distributed,+0.102,2.7006,,,0.61290,328,0.8542,1.7999
57,prune,47,distributed,-0.196,2.7054,,,0.61326,327,0.8516,1.8090
58,prune,380,last=newline,+0.127,2.7123,,,0.61410,326,0.8490,1.8165
59,prune,319,last=space,-0.252,2.7230,,,0.61582,325,0.8464,1.8167
60,prune,87,last=space,-0.342,2.7854,,,0.62920,324,0.8438,1.8175
61,prune,115,distributed,+1.840,2.8296,,,0.63848,323,0.8411,1.8184
62,prune,199,last=space,+0.016,2.8323,,,0.63837,322,0.8385,1.8202
63,prune,309,last=space,-0.057,2.8351,,,0.63830,321,0.8359,1.8218
64,prune,335,last=space,-0.118,2.8408,,,0.63886,320,0.8333,1.8254
65,prune,278,last=space,-0.251,2.8798,,,0.64691,319,0.8307,1.8288
66,prune,101,next=vowel,-0.029,2.9001,,,0.65077,318,0.8281,1.8313
67,prune,171,distributed,-0.238,2.9019,,,0.65045,317,0.8255,1.8339
68,prune,365,last=vowel,-0.115,2.9021,,,0.64978,316,0.8229,1.8370
69,prune,307,last=space,-0.031,2.9146,,,0.65188,315,0.8203,1.8376
70,prune,247,distributed,+0.004,2.9178,,,0.65185,314,0.8177,1.8426
71,prune,43,distributed,+0.277,2.9215,,,0.65196,313,0.8151,1.8479
72,prune,170,distributed,-0.058,2.9319,,,0.65356,312,0.8125,1.8494
73,prune,317,last=space,-0.299,2.9413,,,0.65495,311,0.8099,1.8534
74,prune,204,last=space,+0.007,2.9469,,,0.65546,310,0.8073,1.8566
75,prune,89,last=space,+0.211,2.9855,,,0.66333,309,0.8047,1.8596
76,prune,296,last=space,-0.084,2.9864,,,0.66280,308,0.8021,1.8645
77,prune,320,distributed,+1.659,2.9888,,,0.66262,307,0.7995,1.8761
78,prune,238,distributed,+0.128,2.9958,,,0.66344,306,0.7969,1.8804
79,prune,160,last=space,+0.896,3.0028,,,0.66426,305,0.7943,1.8829
80,prune,81,distributed,-0.161,3.0054,,,0.66412,304,0.7917,1.8863
81,prune,76,last=space,+0.108,3.0059,,,0.66348,303,0.7891,1.8900
82,prune,34,last=space,-0.001,3.0119,,,0.66408,302,0.7865,1.8940
83,prune,271,distributed,+0.231,3.0129,,,0.66356,301,0.7839,1.8974
84,prune,244,last=vowel,+0.053,3.0276,,,0.66606,300,0.7812,1.8997
85,prune,364,last=space,-0.071,3.0368,,,0.66734,299,0.7786,1.9021
86,prune,151,distributed,+0.047,3.0424,,,0.66785,298,0.7760,1.9075
87,prune,304,last=space,-0.196,3.0431,,,0.66724,297,0.7734,1.9129
88,prune,17,last=space,+0.077,3.0625,,,0.67076,296,0.7708,1.9170
89,prune,61,last=punct,+0.941,3.0643,,,0.67042,295,0.7682,1.9384
90,prune,83,last=space,-0.008,3.0667,,,0.67018,294,0.7656,1.9398
91,prune,372,distributed,-0.072,3.0672,,,0.66955,293,0.7630,1.9429
92,prune,258,distributed,+0.345,3.0821,,,0.67205,292,0.7604,1.9464
93,prune,305,last=vowel,-0.052,3.0883,,,0.67265,291,0.7578,1.9491
94,prune,117,distributed,-0.097,3.1106,,,0.67674,290,0.7552,1.9516
95,prune,111,last=vowel,-0.106,3.1157,,,0.67710,289,0.7526,1.9545
96,prune,195,last=vowel,-0.039,3.1181,,,0.67689,288,0.7500,1.9521
97,prune,197,last=newline,+1.467,3.1226,,,0.67710,287,0.7474,1.9540
98,prune,337,last=space,-0.264,3.1302,,,0.67798,286,0.7448,1.9587
99,prune,97,distributed,-0.245,3.1349,,,0.67825,285,0.7422,1.9586
100,prune,44,last=space,-0.344,3.1436,,,0.67936,284,0.7396,1.9652
101,prune,161,last=space,-0.190,3.1462,,,0.67915,283,0.7370,1.9683
102,prune,144,last=vowel,-0.067,3.1495,,,0.67911,282,0.7344,1.9708
103,prune,112,last=space,+0.344,3.1602,,,0.68064,281,0.7318,1.9740
104,prune,156,distributed,+0.136,3.1929,,,0.68691,280,0.7292,1.9766
105,prune,273,distributed,+0.111,3.1945,,,0.68649,279,0.7266,1.9836
106,prune,279,last=space,-0.263,3.1951,,,0.68585,278,0.7240,1.9905
107,prune,281,last=space,-0.179,3.2548,,,0.69790,277,0.7214,1.9941
108,prune,246,last=space,-0.406,3.2752,,,0.70153,276,0.7188,1.9989
109,prune,48,distributed,+0.070,3.2892,,,0.70378,275,0.7161,2.0024
110,prune,272,last=space,-0.331,3.2896,,,0.70312,274,0.7135,2.0092
111,prune,75,distributed,-0.228,3.2952,,,0.70354,273,0.7109,2.0155
112,prune,16,last=space,+0.011,3.2962,,,0.70299,272,0.7083,2.0189
113,prune,0,last=space,+0.072,3.3015,,,0.70336,271,0.7057,2.0208
114,prune,35,distributed,+0.368,3.3022,,,0.70273,270,0.7031,2.0230
115,prune,94,distributed,+0.368,3.3086,,,0.70333,269,0.7005,2.0268
116,prune,67,distributed,+0.434,3.3090,,,0.70264,268,0.6979,2.0303
117,prune,53,distributed,+0.445,3.3121,,,0.70252,267,0.6953,2.0310
118,prune,359,last=space,-0.472,3.3177,,,0.70292,266,0.6927,2.0333
119,prune,333,last=space,-0.012,3.3183,,,0.70227,265,0.6901,2.0376
120,prune,163,last=vowel,-0.074,3.3240,,,0.70269,264,0.6875,2.0385
121,prune,348,last=space,+0.159,3.3337,,,0.70397,263,0.6849,2.0433
122,prune,235,distributed,+0.400,3.3389,,,0.70427,262,0.6823,2.0579
123,prune,62,distributed,+0.517,3.3535,,,0.70655,261,0.6797,2.0628
124,prune,38,last=vowel,+0.104,3.3631,,,0.70779,260,0.6771,2.0710
125,prune,268,last=vowel,-0.142,3.3739,,,0.70927,259,0.6745,2.0737
126,prune,325,last=space,-0.426,3.3884,,,0.71152,258,0.6719,2.0737
127,prune,270,last=vowel,+0.163,3.3914,,,0.71136,257,0.6693,2.0745
128,prune,9,distributed,-0.136,3.4101,,,0.71450,256,0.6667,2.0766
129,prune,148,last=space,-0.424,3.4103,,,0.71375,255,0.6641,2.0759
130,prune,90,distributed,+0.432,3.4134,,,0.71359,254,0.6615,2.0776
131,prune,187,distributed,-0.197,3.4236,,,0.71492,253,0.6589,2.0796
132,prune,1,last=space,+0.213,3.4357,,,0.71666,252,0.6562,2.0873
133,prune,3,distributed,+0.136,3.4578,,,0.72047,251,0.6536,2.0896
134,prune,323,last=vowel,-0.189,3.4640,,,0.72095,250,0.6510,2.0915
135,prune,231,last=space,+0.152,3.4646,,,0.72028,249,0.6484,2.0977
136,prune,14,distributed,+0.489,3.4802,,,0.72271,248,0.6458,2.1002
137,prune,222,last=space,+0.068,3.4996,,,0.72595,247,0.6432,2.1058
138,prune,249,distributed,+0.122,3.5012,,,0.72548,246,0.6406,2.1104
139,prune,41,last=space,+0.076,3.5033,,,0.72510,245,0.6380,2.1138
140,prune,357,last=space,+0.111,3.5273,,,0.72927,244,0.6354,2.1230
141,prune,241,last=space,+0.176,3.5444,,,0.73199,243,0.6328,2.1338
142,prune,91,last=space,-0.215,3.5743,,,0.73738,242,0.6302,2.1339
143,prune,342,last=vowel,+0.106,3.5906,,,0.73995,241,0.6276,2.1342
144,prune,256,distributed,+0.137,3.5911,,,0.73925,240,0.6250,2.1373
145,prune,176,distributed,+0.240,3.5952,,,0.73930,239,0.6224,2.1398
146,prune,166,last=space,-0.224,3.6094,,,0.74141,238,0.6198,2.1432
147,prune,155,last=vowel,-0.189,3.6097,,,0.74067,237,0.6172,2.1500
148,prune,73,distributed,+0.068,3.6205,,,0.74209,236,0.6146,2.1520
149,prune,27,last=vowel,+0.065,3.6212,,,0.74141,235,0.6120,2.1554
150,prune,228,last=space,-0.002,3.6233,,,0.74104,234,0.6094,2.1538
151,prune,383,last=vowel,+0.366,3.6398,,,0.74360,233,0.6068,2.1573
152,prune,140,last=space,+0.338,3.6402,,,0.74286,232,0.6042,2.1896
153,prune,339,last=space,-0.110,3.6416,,,0.74233,231,0.6016,2.1920
154,prune,303,last=space,-0.282,3.6442,,,0.74204,230,0.5990,2.2003
155,prune,39,last=space,+0.056,3.6600,,,0.74442,229,0.5964,2.2056
156,prune,259,last=space,-0.231,3.6626,,,0.74411,228,0.5938,2.2065
157,prune,275,last=space,-0.138,3.6681,,,0.74441,227,0.5911,2.2092
158,prune,7,distributed,-0.180,3.6758,,,0.74514,226,0.5885,2.2091
159,prune,188,distributed,+0.061,3.6806,,,0.74527,225,0.5859,2.2128
160,prune,264,last=space,-0.055,3.6896,,,0.74626,224,0.5833,2.2162
161,prune,261,last=vowel,+0.305,3.7032,,,0.74816,223,0.5807,2.2177
162,prune,300,distributed,+0.215,3.7196,,,0.75065,222,0.5781,2.2209
163,prune,78,distributed,+0.028,3.7295,,,0.75182,221,0.5755,2.2223
164,prune,321,last=space,-0.161,3.7376,,,0.75259,220,0.5729,2.2258
165,prune,202,last=space,+0.088,3.7438,,,0.75300,219,0.5703,2.2294
166,prune,274,distributed,-0.103,3.7454,,,0.75249,218,0.5677,2.2293
167,prune,143,last=space,+0.011,3.7539,,,0.75334,217,0.5651,2.2322
168,prune,85,last=space,-0.167,3.7548,,,0.75267,216,0.5625,2.2336
169,prune,265,last=space,-0.200,3.7599,,,0.75283,215,0.5599,2.2379
170,prune,267,distributed,+0.208,3.7915,,,0.75831,214,0.5573,2.2402
171,prune,370,last=space,-0.095,3.7947,,,0.75809,213,0.5547,2.2439
172,prune,120,last=vowel,+0.076,3.7947,,,0.75723,212,0.5521,2.2545
173,prune,373,last=space,-0.037,3.8005,,,0.75753,211,0.5495,2.2558
174,prune,82,distributed,-0.095,3.8152,,,0.75960,210,0.5469,2.2553
175,prune,217,last=space,-0.286,3.8256,,,0.76079,209,0.5443,2.2601
176,prune,192,distributed,+3.321,3.8301,,,0.76084,208,0.5417,2.2650
177,prune,66,last=space,-0.206,3.8352,,,0.76098,207,0.5391,2.2735
178,prune,225,last=space,+0.097,3.8452,,,0.76207,206,0.5365,2.2803
179,prune,46,last=space,-0.118,3.8506,,,0.76227,205,0.5339,2.2865
180,prune,196,last=space,-0.427,3.8804,,,0.76732,204,0.5312,2.2858
181,prune,182,distributed,-0.033,3.8806,,,0.76648,203,0.5286,2.2922
182,prune,329,distributed,-0.068,3.9055,,,0.77053,202,0.5260,2.2979
183,prune,74,last=space,-0.136,3.9099,,,0.77051,201,0.5234,2.3014
184,prune,316,distributed,+0.293,3.9241,,,0.77245,200,0.5208,2.3158
185,prune,13,last=space,+0.236,3.9426,,,0.77522,199,0.5182,2.3151
186,prune,127,last=vowel,+0.215,3.9539,,,0.77657,198,0.5156,2.3177
187,prune,191,last=vowel,+0.066,3.9560,,,0.77611,197,0.5130,2.3151
188,prune,314,distributed,-0.011,3.9561,,,0.77526,196,0.5104,2.3241
189,prune,379,distributed,-0.143,3.9677,,,0.77665,195,0.5078,2.3263
190,prune,253,last=space,-0.023,3.9688,,,0.77596,194,0.5052,2.3351
191,prune,23,distributed,-0.071,3.9884,,,0.77891,193,0.5026,2.3364
192,prune,262,distributed,+0.062,3.9969,,,0.77969,192,0.5000,2.3455
193,prune,169,last=vowel,+0.145,4.0000,,,0.77941,191,0.4974,2.3460
194,prune,354,last=space,+0.135,4.0085,,,0.78016,190,0.4948,2.3565
195,prune,198,last=space,-0.050,4.0245,,,0.78238,189,0.4922,2.3618
196,prune,59,distributed,+0.154,4.0289,,,0.78235,188,0.4896,2.3638
197,prune,30,last=space,-0.303,4.0403,,,0.78365,187,0.4870,2.3725
198,prune,20,distributed,+3.506,4.0427,,,0.78322,186,0.4844,2.3824
199,prune,215,last=space,-0.179,4.0491,,,0.78356,185,0.4818,2.3814
200,prune,255,distributed,+0.595,4.0638,,,0.78549,184,0.4792,2.3864
201,prune,186,distributed,+3.528,4.0760,,,0.78693,183,0.4766,2.3905
202,prune,209,distributed,+0.002,4.0822,,,0.78723,182,0.4740,2.3909
203,prune,25,last=space,-0.324,4.0965,,,0.78908,181,0.4714,2.3928
204,prune,125,distributed,+0.171,4.1039,,,0.78960,180,0.4688,2.3959
205,prune,119,last=space,-0.255,4.1117,,,0.79018,179,0.4661,2.4011
206,prune,301,last=space,-0.089,4.1159,,,0.79005,178,0.4635,2.4033
207,prune,49,distributed,+0.301,4.1298,,,0.79180,177,0.4609,2.4033
208,prune,322,distributed,-0.037,4.1346,,,0.79179,176,0.4583,2.4086
209,prune,336,last=space,-0.014,4.1361,,,0.79114,175,0.4557,2.4155
210,prune,64,last=space,+0.065,4.1398,,,0.79092,174,0.4531,2.4179
211,prune,124,last=space,-0.157,4.1411,,,0.79022,173,0.4505,2.4223
212,prune,226,last=space,-0.450,4.1443,,,0.78986,172,0.4479,2.4261
213,prune,185,last=space,-0.298,4.1517,,,0.79031,171,0.4453,2.4297
214,prune,56,last=space,+0.192,4.1541,,,0.78982,170,0.4427,2.4319
215,prune,286,last=space,-0.219,4.1589,,,0.78976,169,0.4401,2.4447
216,prune,51,distributed,-0.281,4.1616,,,0.78929,168,0.4375,2.4480
217,prune,109,distributed,-0.134,4.1682,,,0.78956,167,0.4349,2.4506
218,prune,358,distributed,+0.317,4.1788,,,0.79057,166,0.4323,2.4555
219,prune,184,last=space,-0.506,4.1849,,,0.79073,165,0.4297,2.4638
220,prune,210,last=space,-0.331,4.2058,,,0.79370,164,0.4271,2.4671
221,prune,382,last=space,-0.091,4.2198,,,0.79534,163,0.4245,2.4778
222,prune,69,last=space,-0.070,4.2207,,,0.79453,162,0.4219,2.4812
223,prune,8,distributed,+0.077,4.2293,,,0.79515,161,0.4193,2.4824
224,prune,96,distributed,-0.080,4.2401,,,0.79618,160,0.4167,2.4865
225,prune,33,last=space,-0.464,4.2571,,,0.79836,159,0.4141,2.4917
226,prune,102,last=space,-0.203,4.2786,,,0.80140,158,0.4115,2.4925
227,prune,19,distributed,+0.049,4.2796,,,0.80058,157,0.4089,2.4918
228,prune,126,last=space,-0.130,4.2950,,,0.80245,156,0.4062,2.4945
229,prune,368,distributed,+0.211,4.3343,,,0.80881,155,0.4036,2.4980
230,prune,200,last=space,-0.198,4.3438,,,0.80959,154,0.4010,2.5038
231,prune,194,last=space,-0.250,4.3545,,,0.81059,153,0.3984,2.5076
232,prune,203,last=space,-0.398,4.3628,,,0.81115,152,0.3958,2.5176
233,prune,153,distributed,+0.128,4.3705,,,0.81157,151,0.3932,2.5298
234,prune,227,last=space,-0.056,4.3819,,,0.81269,150,0.3906,2.5311
235,prune,121,last=space,-0.247,4.3922,,,0.81360,149,0.3880,2.5452
236,prune,211,last=vowel,-0.410,4.3997,,,0.81397,148,0.3854,2.5521
237,prune,177,distributed,+1.397,4.4024,,,0.81346,147,0.3828,2.5586
238,prune,250,last=space,+0.038,4.4157,,,0.81490,146,0.3802,2.5640
239,prune,302,distributed,-0.075,4.4189,,,0.81445,145,0.3776,2.5706
240,prune,237,distributed,-0.164,4.4297,,,0.81542,144,0.3750,2.5743
241,prune,221,last=space,-0.602,4.4300,,,0.81442,143,0.3724,2.5917
242,prune,131,last=space,-0.210,4.4385,,,0.81494,142,0.3698,2.5965
243,prune,240,distributed,-0.198,4.4473,,,0.81550,141,0.3672,2.6018
244,prune,165,last=space,+0.099,4.4491,,,0.81477,140,0.3646,2.6036
245,prune,282,last=space,+0.381,4.4558,,,0.81492,139,0.3620,2.6096
246,prune,367,last=space,-0.410,4.4697,,,0.81639,138,0.3594,2.6125
247,prune,55,last=space,-0.126,4.4711,,,0.81556,137,0.3568,2.6187
248,prune,100,last=space,-0.037,4.4736,,,0.81492,136,0.3542,2.6204
249,prune,242,last=space,-0.271,4.4912,,,0.81704,135,0.3516,2.6326
250,prune,132,last=space,+0.064,4.4927,,,0.81621,134,0.3490,2.6355
